Isotopologue,Temperature,BM MMI,BM ZPE,EXC,BM (total),HS H_ZPE,HS H_VIB,HS H_TOT,HS S_VIB,HS S_ROT,HS S_TOT,HS (total),BM (total-Wigner),HS (total-Wigner),BM (total-Bell),HS (total-Bell)
mis,10,0.99730144,,0.99778482,,2.21E-05,1.00822945,2.23E-05,0.9896403,0.99694666,0.98661859,2.20E-05,,2.72E-05,,3.72E-06
mis,20,0.99730144,0.0046964,0.98902588,0.00463233,0.00469737,1.01304453,0.00475864,0.97629012,0.99694666,0.97330917,0.00463163,0.00542881,0.005428,0.00070107,0.00070096
mis,30,0.99730144,0.02804423,0.9859577,0.02757581,0.02804808,0.99971393,0.02804005,0.98623982,0.99694666,0.98322849,0.02756978,0.03082031,0.03081357,0.03927825,0.03926966
mis,40,0.99730144,0.0685303,0.98900944,0.06759421,0.06853735,0.97632843,0.06691497,1.01298939,0.99694666,1.00989638,0.06757718,0.07310948,0.07309106,0.07837914,0.0783594
mis,50,0.99730144,0.11714024,0.99748895,0.11653078,0.11714989,0.94728729,0.1109746,1.05299737,0.99694666,1.04978221,0.11649916,0.12335113,0.12331766,0.12697551,0.12694106
mis,60,0.99730144,0.16746411,1.01007419,0.16869472,0.16747561,0.919756,0.15403669,1.09820156,0.99694666,1.09484837,0.16864682,0.1760328,0.17598282,0.17856574,0.17851504
mis,70,0.99730144,0.21616734,1.02511469,0.22099834,0.21618005,0.89799816,0.19412929,1.14156024,0.99694666,1.13807466,0.22093363,0.22837344,0.22830656,0.23017463,0.23010724
mis,80,0.99730144,0.26178293,1.04116957,0.27182492,0.2617964,0.88309795,0.23119186,1.17900244,0.99694666,1.17540254,0.2717435,0.27897532,0.27889177,0.28028131,0.28019736
mis,90,0.99730144,0.3038187,1.05719494,0.32032887,0.3038326,0.87444247,0.26568413,1.2089995,0.99694666,1.20530801,0.32023121,0.32712435,0.32702462,0.32808975,0.32798973
mis,100,0.99730144,0.34225756,1.07252378,0.36608884,0.34227165,0.87082013,0.29805705,1.23163163,0.99694666,1.22787104,0.36597562,0.37247393,0.37235873,0.37320062,0.3730852
mis,110,0.99730144,0.37729808,1.0867802,0.40893363,0.3773122,0.87096819,0.32862692,1.24779085,0.99694666,1.24398091,0.40880562,0.41489435,0.41476448,0.4154505,0.41532045
mis,120,0.99730144,0.40922379,1.09979082,0.44884613,0.40923784,0.87378768,0.35758698,1.2586544,0.99694666,1.2548113,0.44870418,0.45439102,0.45424731,0.4548231,0.45467926
mis,130,0.99730144,0.43833893,1.11151325,0.48590483,0.43835281,0.87839906,0.3850487,1.26539182,0.99694666,1.26152815,0.48574977,0.49105408,0.49089738,0.49139437,0.49123757
mis,140,0.99730144,0.46493799,1.12198421,0.52024548,0.46495167,0.88413187,0.41107859,1.26902987,0.99694666,1.26515508,0.52007816,0.52502478,0.52485593,0.52529611,0.52512717
mis,150,0.99730144,0.48929266,1.13128426,0.55203547,0.48930609,0.89049213,0.43572323,1.27040936,0.99694666,1.26653037,0.5518567,0.55647245,0.55629224,0.55669123,0.55651095
mis,160,0.99730144,0.51164727,1.13951483,0.58145644,0.51166043,0.8971263,0.45902403,1.27018886,0.99694666,1.26631054,0.58126697,0.58557868,0.58538787,0.5857569,0.58556603
mis,170,0.99730144,0.53221858,1.14678398,0.60869284,0.53223147,0.90378867,0.48102477,1.2688682,0.99694666,1.26499391,0.60849341,0.61252682,0.61232612,0.61267335,0.61247261
mis,180,0.99730144,0.55119752,1.15319792,0.63392467,0.55121012,0.91031439,0.50177451,1.26681767,0.99694666,1.26294964,0.63371593,0.63749515,0.63728524,0.63761666,0.63740672
mis,190,0.99730144,0.56875164,1.15885635,0.65732298,0.56876396,0.9165981,0.52132797,1.26430604,0.99694666,1.26044568,0.65710558,0.66065285,0.66043435,0.66075442,0.66053588
mis,200,0.99730144,0.58502783,1.16385025,0.67904755,0.58503987,0.92257739,0.53974456,1.26152468,0.99694666,1.25767281,0.67882206,0.68215771,0.68193119,0.68224323,0.68201667
mis,210,0.99730144,0.6001549,1.16826101,0.69924569,0.60016667,0.92822024,0.55708685,1.25860716,0.99694666,1.25476421,0.69901264,0.70215516,0.70192114,0.70222764,0.7019936
mis,220,0.99730144,0.61424594,1.17216056,0.71805211,0.61425744,0.93351568,0.57341895,1.25564465,0.99694666,1.25181073,0.717812,0.72077809,0.72053706,0.72083991,0.72059886
mis,230,0.99730144,0.62740042,1.17561195,0.73558922,0.62741165,0.93846681,0.58880501,1.2526976,0.99694666,1.24887269,0.7353425,0.73814725,0.73789967,0.73820029,0.73795269
mis,240,0.99730144,0.63970602,1.17867006,0.75196782,0.639717,0.94308577,0.60330799,1.2498047,0.99694666,1.24598862,0.7517149,0.75437193,0.75411821,0.75441768,0.75416394
mis,250,0.99730144,0.65124023,1.18138258,0.76728789,0.65125096,0.9473901,0.61698871,1.24698933,0.99694666,1.24318184,0.76702916,0.76955075,0.76929126,0.76959041,0.7693309
mis,260,0.99730144,0.66207169,1.18379081,0.78163959,0.66208218,0.9514002,0.62990512,1.24426439,0.99694666,1.24046523,0.7813754,0.7837726,0.78350769,0.78380715,0.78354222
mis,270,0.99730144,0.67226139,1.18593052,0.79510408,0.67227164,0.95513753,0.64211187,1.24163579,0.99694666,1.23784465,0.79483475,0.79711755,0.79684754,0.79714777,0.79687775
mis,280,0.99730144,0.68186362,1.18783272,0.80775447,0.68187365,0.95862345,0.65366007,1.23910486,0.99694666,1.23532144,0.8074803,0.80965772,0.80938291,0.80968427,0.80940945
mis,290,0.99730144,0.69092688,1.18952429,0.81965666,0.69093669,0.9618785,0.66459714,1.23667012,0.99694666,1.23289415,0.81937793,0.82145811,0.82117877,0.82148153,0.82120218
mis,300,0.99730144,0.69949458,1.19102861,0.83087006,0.69950418,0.96492189,0.67496689,1.23432848,0.99694666,1.23055965,0.83058703,0.83257735,0.83229374,0.83259809,0.83231446
mis,310,0.99730144,0.70760568,1.19236602,0.84144836,0.70761507,0.96777137,0.68480961,1.23207598,0.99694666,1.22831403,0.84116125,0.84306841,0.84278075,0.84308683,0.84279916
mis,320,0.99730144,0.71529523,1.19355431,0.85144007,0.71530443,0.97044305,0.69416222,1.22990836,0.99694666,1.22615303,0.85114911,0.85297917,0.85268769,0.85299559,0.8527041
mis,330,0.99730144,0.72259485,1.19460907,0.86088916,0.72260387,0.9729515,0.70305852,1.2278214,0.99694666,1.22407244,0.86059455,0.86235304,0.86205793,0.86236772,0.8620726
mis,340,0.99730144,0.72953312,1.19554396,0.86983552,0.72954196,0.97530976,0.71152939,1.22581102,0.99694666,1.2220682,0.86953744,0.87122939,0.87093084,0.87124255,0.870944
mis,350,0.99730144,0.73613593,1.19637107,0.87831538,0.73614459,0.97752953,0.71960308,1.22387346,0.99694666,1.22013656,0.87801402,0.879644,0.87934219,0.87965584,0.87935402
mis,360,0.99730144,0.74242677,1.19710106,0.88636176,0.74243527,0.97962125,0.72730536,1.22200529,0.99694666,1.21827409,0.88605728,0.88762949,0.88732457,0.88764016,0.88733524
mis,370,0.99730144,0.74842705,1.1977434,0.89400476,0.74843538,0.98159423,0.73465985,1.22020338,0.99694666,1.21647768,0.8936973,0.89521557,0.8949077,0.89522522,0.89491735
mis,380,0.99730144,0.75415624,1.1983065,0.90127187,0.75416441,0.98345683,0.74168814,1.21846488,0.99694666,1.2147445,0.90096159,0.90242942,0.90211874,0.90243817,0.90212748
mis,390,0.99730144,0.75963217,1.19879788,0.90818826,0.75964019,0.98521654,0.74841008,1.21678724,0.99694666,1.21307197,0.90787529,0.90929592,0.90898256,0.90930386,0.9089905
mis,400,0.99730144,0.76487112,1.19922428,0.91477702,0.76487899,0.98688014,0.75484388,1.21516807,0.99694666,1.21145775,0.91446147,0.91583785,0.91552194,0.91584509,0.91552917
mis,410,0.99730144,0.76988804,1.19959171,0.92105932,0.76989577,0.98845373,0.76100635,1.21360519,0.99694666,1.20989964,0.92074131,0.92207618,0.92175782,0.92208277,0.92176442
mis,420,0.99730144,0.77469665,1.1999056,0.92705463,0.77470425,0.98994292,0.76691298,1.21209656,0.99694666,1.20839561,0.92673429,0.92803014,0.92770946,0.92803617,0.92771548
mis,430,0.99730144,0.77930958,1.20017083,0.93278091,0.77931704,0.9913528,0.77257813,1.21064022,0.99694666,1.20694373,0.93245832,0.93371749,0.93339457,0.93372301,0.9334001
mis,440,0.99730144,0.78373844,1.20039181,0.93825469,0.78374577,0.99268807,0.77801508,1.20923433,0.99694666,1.20554212,0.93792996,0.93915458,0.93882953,0.93915965,0.9388346
mis,450,0.99730144,0.78799398,1.20057253,0.94349125,0.78800119,0.9939531,0.78323623,1.20787707,0.99694666,1.20418901,0.94316446,0.94435652,0.94402943,0.94436118,0.94403409
mis,460,0.99730144,0.79208612,1.2007166,0.94850471,0.79209321,0.99515193,0.78825308,1.2065667,0.99694666,1.20288264,0.94817595,0.94933729,0.94900824,0.94934158,0.94901253
mis,470,0.99730144,0.79602404,1.20082729,0.95330814,0.79603101,0.99628833,0.7930764,1.2053015,0.99694666,1.2016213,0.9529775,0.95410982,0.95377889,0.95411378,0.95378285
mis,480,0.99730144,0.79981624,1.20090757,0.95791368,0.7998231,0.99736585,0.79771625,1.20407977,0.99694666,1.2004033,0.95758122,0.95868611,0.95835338,0.95868976,0.95835703
mis,490,0.99730144,0.80347064,1.20096013,0.96233255,0.80347739,0.99838782,0.80218204,1.20289985,0.99694666,1.19922698,0.96199835,0.96307728,0.96274282,0.96308066,0.9627462
mis,500,0.99730144,0.80699457,1.20098744,0.9665752,0.80700121,0.99935739,0.80648262,1.20176009,0.99694666,1.1980907,0.96623933,0.96729368,0.96695756,0.96729681,0.96696069
mis,510,0.99730144,0.81039486,1.20099173,0.97065135,0.8104014,1.00027752,0.8106263,1.20065886,0.99694666,1.19699284,0.97031387,0.97134492,0.9710072,0.97134782,0.9710101
mis,520,0.99730144,0.81367788,1.20097502,0.97457004,0.81368432,1.00115102,0.81462089,1.19959456,0.99694666,1.19593179,0.97423102,0.97523995,0.97490069,0.97524264,0.97490339
mis,530,0.99730144,0.81684957,1.20093918,0.97833968,0.81685592,1.00198055,0.81847374,1.19856561,0.99694666,1.19490598,0.97799917,0.9789871,0.97864637,0.97898961,0.97864887
mis,540,0.99730144,0.81991548,1.20088589,0.98196814,0.81992173,1.00276865,0.8221918,1.19757046,0.99694666,1.19391387,0.98162619,0.98259417,0.98225201,0.98259651,0.98225434
mis,550,0.99730144,0.82288078,1.20081669,0.98546274,0.82288694,1.00351769,0.8257816,1.19660758,0.99694666,1.19295393,0.98511941,0.98606841,0.98572487,0.98607059,0.98572705
mis,560,0.99730144,0.82575034,1.200733,0.98883032,0.82575641,1.00422995,0.82924931,1.1956755,0.99694666,1.1920247,0.98848566,0.9894166,0.98907174,0.98941864,0.98907377
mis,570,0.99730144,0.82852869,1.20063608,0.99207731,0.82853468,1.00490758,0.83260077,1.19477276,0.99694666,1.19112471,0.99173136,0.9926451,0.99229895,0.992647,0.99230085
mis,580,0.99730144,0.83122011,1.20052712,0.99520968,0.83122601,1.00555261,0.83584149,1.19389796,0.99694666,1.19025259,0.99486249,0.99575983,0.99541245,0.99576161,0.99541423
mis,590,0.99730144,0.8338286,1.20040719,0.99823305,0.83383442,1.00616698,0.83897666,1.19304974,0.99694666,1.18940695,0.99788467,0.99876636,0.99841779,0.99876803,0.99841946
mis,600,0.99730144,0.83635792,1.20027725,1.0011527,0.83636366,1.0067525,0.84201121,1.19222677,0.99694666,1.18858649,1.00080315,1.00166992,1.00132019,1.00167148,1.00132176
mis,610,0.99730144,0.83881161,1.20013821,1.00397354,0.83881728,1.00731091,0.8449498,1.19142779,0.99694666,1.18778995,1.00362288,1.00447539,1.00412455,1.00447685,1.00412602
mis,620,0.99730144,0.84119301,1.19999087,1.00670023,0.84119859,1.00784384,0.84779682,1.19065158,0.99694666,1.18701611,1.00634848,1.00718736,1.00683545,1.00718874,1.00683683
mis,630,0.99730144,0.84350524,1.19983599,1.00933711,0.84351076,1.00835281,0.85055644,1.18989696,0.99694666,1.1862638,1.00898432,1.00981016,1.00945721,1.00981146,1.0094585
mis,640,0.99730144,0.84575128,1.19967424,1.01188829,0.84575672,1.00883928,0.85323261,1.18916283,0.99694666,1.18553191,1.01153448,1.01234786,1.01199389,1.01234908,1.01199511
mis,650,0.99730144,0.84793392,1.19950625,1.01435761,0.84793929,1.00930462,0.85582904,1.18844811,0.99694666,1.18481937,1.01400282,1.01480426,1.01444932,1.01480541,1.01445047
mis,660,0.99730144,0.85005579,1.19933258,1.01674872,0.8500611,1.00975009,0.85834927,1.18775179,0.99694666,1.18412517,1.01639298,1.01718298,1.01682709,1.01718406,1.01682817
mis,670,0.99730144,0.85211941,1.19915376,1.01906504,0.85212464,1.01017692,0.86079665,1.18707289,0.99694666,1.18344836,1.01870837,1.01948741,1.0191306,1.01948843,1.01913162
mis,680,0.99730144,0.85412711,1.19897027,1.02130979,0.85413228,1.01058622,0.86317432,1.18641052,0.99694666,1.182788,1.02095223,1.02172075,1.02136305,1.02172172,1.02136402
mis,690,0.99730144,0.85608115,1.19878254,1.02348602,0.85608626,1.01097907,0.86548529,1.1857638,0.99694666,1.18214326,1.0231276,1.02388602,1.02352746,1.02388694,1.02352838
mis,700,0.99730144,0.85798364,1.19859097,1.02559662,0.85798869,1.01135644,0.86773238,1.18513192,0.99694666,1.1815133,1.02523735,1.02598609,1.02562669,1.02598696,1.02562756
mis,710,0.99730144,0.85983659,1.19839593,1.0276443,0.85984158,1.01171927,0.86991829,1.1845141,0.99694666,1.18089737,1.02728422,1.02802365,1.02766344,1.02802447,1.02766426
mis,720,0.99730144,0.86164191,1.19819775,1.02963165,0.86164683,1.01206842,0.87204555,1.18390961,0.99694666,1.18029473,1.02927077,1.03000126,1.02964026,1.03000204,1.02964103
mis,730,0.99730144,0.8634014,1.19799674,1.03156109,0.86340627,1.01240472,0.87411658,1.18331779,0.99694666,1.17970472,1.03119945,1.03192133,1.03155957,1.03192207,1.0315603
mis,740,0.99730144,0.86511678,1.19779318,1.03343495,0.8651216,1.0127289,0.87613364,1.18273799,0.99694666,1.17912668,1.03307256,1.03378617,1.03342366,1.03378687,1.03342435
mis,750,0.99730144,0.8667897,1.19758734,1.0352554,0.86679446,1.01304168,0.87809891,1.1821696,0.99694666,1.17856003,1.03489228,1.03559793,1.0352347,1.0355986,1.03523536
mis,760,0.99730144,0.8684217,1.19737944,1.03702454,0.8684264,1.01334372,0.88001444,1.18161207,0.99694666,1.17800421,1.03666071,1.03735869,1.03699475,1.03735932,1.03699538
mis,770,0.99730144,0.87001426,1.19716971,1.03874432,0.87001891,1.01363562,0.88188216,1.18106488,0.99694666,1.17745868,1.0383798,1.0390704,1.03870577,1.039071,1.03870637
mis,780,0.99730144,0.8715688,1.19695835,1.04041662,0.8715734,1.01391795,0.88370391,1.18052753,0.99694666,1.17692297,1.04005144,1.04073492,1.04036963,1.04073549,1.04037019
mis,790,0.99730144,0.87308665,1.19674554,1.04204323,0.8730912,1.01419125,0.88548146,1.17999956,0.99694666,1.17639662,1.04167739,1.04235401,1.04198807,1.04235456,1.04198861
mis,800,0.99730144,0.87456911,1.19653145,1.04362583,0.87457361,1.014456,0.88721644,1.17948056,0.99694666,1.1758792,1.04325936,1.04392936,1.04356279,1.04392988,1.04356331
mis,810,0.99730144,0.87601738,1.19631624,1.04516604,0.87602183,1.01471266,0.88891045,1.17897012,0.99694666,1.17537032,1.04479896,1.04546257,1.04509538,1.04546306,1.04509588
mis,820,0.99730144,0.87743264,1.19610006,1.0466654,0.87743705,1.01496166,0.89056496,1.17846788,0.99694666,1.17486962,1.04629771,1.04695516,1.04658737,1.04695563,1.04658784
mis,830,0.99730144,0.87881601,1.19588303,1.04812536,0.87882037,1.01520338,0.8921814,1.17797349,0.99694666,1.17437674,1.04775709,1.04840858,1.04804021,1.04840903,1.04804066
mis,840,0.99730144,0.88016854,1.19566527,1.04954732,0.88017285,1.01543819,0.89376113,1.17748664,0.99694666,1.17389137,1.04917847,1.04982422,1.04945528,1.04982465,1.04945571
mis,850,0.99730144,0.88149125,1.19544691,1.05093261,0.88149552,1.01566643,0.89530541,1.17700703,0.99694666,1.17341322,1.05056321,1.0512034,1.0508339,1.0512038,1.05083431
mis,860,0.99730144,0.88278512,1.19522804,1.0522825,0.88278935,1.01588841,0.89681547,1.17653438,0.99694666,1.17294202,1.05191255,1.05254737,1.05217733,1.05254776,1.05217772
mis,870,0.99730144,0.88405109,1.19500876,1.0535982,0.88405527,1.01610443,0.89829248,1.17606845,0.99694666,1.17247751,1.05322773,1.05385735,1.05348678,1.05385772,1.05348716
mis,880,0.99730144,0.88529003,1.19478916,1.05488087,0.88529417,1.01631475,0.89973753,1.17560898,0.99694666,1.17201945,1.05450988,1.05513447,1.0547634,1.05513483,1.05476375
mis,890,0.99730144,0.88650281,1.19456933,1.05613162,0.88650691,1.01651963,0.90115168,1.17515578,0.99694666,1.17156762,1.05576013,1.05637986,1.05600828,1.0563802,1.05600862
mis,900,0.99730144,0.88769025,1.19434933,1.05735151,0.88769431,1.01671928,0.90253592,1.17470862,0.99694666,1.17112184,1.05697953,1.05759455,1.05722248,1.05759487,1.05722281
mis,910,0.99730144,0.88885313,1.19412925,1.05854156,0.88885715,1.01691394,0.90389123,1.17426733,0.99694666,1.17068189,1.05816909,1.05877955,1.05840701,1.05877986,1.05840732
mis,920,0.99730144,0.8899922,1.19390915,1.05970272,0.88999619,1.01710379,0.9052185,1.17383173,0.99694666,1.17024762,1.05932979,1.05993583,1.05956282,1.05993613,1.05956312
mis,930,0.99730144,0.89110819,1.19368909,1.06083595,0.89111214,1.01728903,0.9065186,1.17340166,0.99694666,1.16981887,1.06046256,1.06106432,1.06069085,1.06106461,1.06069114
mis,940,0.99730144,0.89220179,1.19346913,1.06194212,0.8922057,1.01746982,0.90779237,1.17297697,0.99694666,1.16939547,1.06156829,1.0621659,1.06179198,1.06216617,1.06179226
mis,950,0.99730144,0.89327367,1.19324931,1.0630221,0.89327754,1.01764632,0.9090406,1.17255751,0.99694666,1.16897729,1.06264783,1.06324141,1.06286706,1.06324168,1.06286733
mis,960,0.99730144,0.89432446,1.1930297,1.06407669,0.8943283,1.01781869,0.91026405,1.17214317,0.99694666,1.16856421,1.063702,1.06429168,1.06391691,1.06429194,1.06391716
mis,970,0.99730144,0.89535479,1.19281033,1.06510671,0.89535859,1.01798705,0.91146345,1.17173381,0.99694666,1.1681561,1.06473159,1.06531749,1.0649423,1.06531773,1.06494255
mis,980,0.99730144,0.89636524,1.19259125,1.06611288,0.896369,1.01815154,0.91263948,1.17132933,0.99694666,1.16775286,1.06573736,1.06631959,1.06594399,1.06631982,1.06594423
mis,990,0.99730144,0.89735638,1.19237251,1.06709596,0.89736011,1.01831228,0.91379282,1.17092961,0.99694666,1.16735437,1.06672004,1.0672987,1.06692271,1.06729892,1.06692293
mis,1000,0.99730144,0.89832876,1.19215413,1.06805663,0.89833246,1.01846938,0.9149241,1.17053458,0.99694666,1.16696053,1.06768032,1.06825551,1.06787913,1.06825573,1.06787935
