Isotopologue,Temperature,BM MMI,BM ZPE,BM EXC,BM (total),HS H_ZPE,HS H_VIB,HS H_TOT,HS S_VIB,HS S_ROT,HS S_TOT,HS (total),BM (total-Wigner),HS (total-Wigner),BM (total-Bell),HS (total-Bell)
mis,10.0,1.00041475,0.19754996,0.99943303,0.19751984,0.19756226,1.00215919,0.19798884,0.99727964,1.00107866,0.99835537,0.19766322,0.19825943,0.19840334,0.19574485,0.19588694
mis,20.0,1.00041475,0.44446592,0.99694592,0.44329227,0.44447977,1.00408938,0.44629741,0.99288548,1.00107866,0.99395646,0.4436002,0.44455894,0.44486774,0.43764482,0.43794882
mis,30.0,1.00041475,0.58240574,0.99559082,0.5800783,0.58241783,1.00243091,0.58383363,0.99317641,1.00107866,0.99424771,0.58047525,0.58126665,0.58166442,0.58451705,0.58491704
mis,40.0,1.00041475,0.66668278,0.99509247,0.66368616,0.66669316,1.00110892,0.66743246,0.99399017,1.00107866,0.99506235,0.66413692,0.66465992,0.66511134,0.66566612,0.66611822
mis,50.0,1.00041475,0.72299516,0.99493568,0.71963202,0.72300416,1.000328,0.72324131,0.99460943,1.00107866,0.99568228,0.72011856,0.7204056,0.72089265,0.72085576,0.72134312
mis,60.0,1.00041475,0.76315512,0.99493409,0.75960396,0.76316304,0.99965979,0.76290341,0.9952727,1.00107866,0.99634626,0.76011596,0.76021941,0.76073182,0.76045355,0.76096612
mis,70.0,1.00041475,0.79319948,0.99504383,0.78959559,0.79320654,0.99886023,0.79230246,0.99617928,1.00107866,0.99725382,0.79012666,0.79009111,0.79062251,0.790225,0.79075649
mis,80.0,1.00041475,0.81650645,0.99525642,0.81297032,0.8165128,0.99789857,0.81479696,0.99735236,1.00107866,0.99842817,0.81351623,0.81337519,0.81392138,0.8134572,0.81400344
mis,90.0,1.00041475,0.83510654,0.99556349,0.8317464,0.83511231,0.99684025,0.83247356,0.99871932,1.00107866,0.9997966,0.83230424,0.83208209,0.83264015,0.83213507,0.83269316
mis,100.0,1.00041475,0.85029122,0.99595136,0.84719992,0.85029651,0.9957635,0.84669423,1.00018882,1.00107866,1.00126769,0.84776757,0.84748206,0.8480499,0.84751777,0.84808563
mis,110.0,1.00041475,0.86292019,0.99640363,0.86017342,0.86292508,0.99472606,0.85837406,1.00168667,1.00107866,1.00276715,0.86074931,0.86041349,0.86098954,0.86043842,0.86101449
mis,120.0,1.00041475,0.8735875,0.9969043,0.87124433,0.87359204,0.99376062,0.86814136,1.00316365,1.00107866,1.00424573,0.87182726,0.87145086,0.87203392,0.87146878,0.87205185
mis,130.0,1.00041475,0.88271662,0.99743934,0.88082145,0.88272085,0.99288104,0.87643679,1.00459126,1.00107866,1.00567487,0.88141046,0.88100086,0.88158999,0.88101407,0.88160321
mis,140.0,1.00041475,0.89061747,0.99799725,0.88920243,0.89062143,0.99209004,0.88357666,1.00595461,1.00107866,1.0070397,0.88979677,0.88935966,0.8899541,0.88936961,0.88996406
mis,150.0,1.00041475,0.89752206,0.99856891,0.89660934,0.89752578,0.99138508,0.88979367,1.0072466,1.00107866,1.00833307,0.89720838,0.8967482,0.89734734,0.89675583,0.89735498
mis,160.0,1.00041475,0.90360746,0.99914718,0.9032113,0.90361098,0.99076182,0.89526325,1.00846391,1.00107866,1.0095517,0.90381454,0.9033348,0.90393812,0.90334075,0.90394408
mis,170.0,1.00041475,0.9090112,0.99972646,0.90913946,0.90901453,0.99021588,0.90012062,1.00960494,1.00107866,1.01069396,0.90974647,0.90924998,0.90985707,0.9092547,0.90986179
mis,180.0,1.00041475,0.91384164,1.00030235,0.91449706,0.9138448,0.98974343,0.90447189,1.01066873,1.00107866,1.0117589,0.91510748,0.91459654,0.91520703,0.91460032,0.91521081
mis,190.0,1.00041475,0.91818536,1.00087131,0.91936654,0.91818837,0.98934123,0.90840161,1.01165472,1.00107866,1.01274595,0.91998005,0.91945654,0.92007012,0.9194596,0.92007318
mis,200.0,1.00041475,0.92211237,1.00143053,0.92381447,0.92211524,0.98900639,0.91197787,1.01256267,1.00107866,1.01365488,0.92443081,0.92389627,0.92451267,0.92389878,0.92451518
mis,210.0,1.00041475,0.92567984,1.0019777,0.92789524,0.92568259,0.98873622,0.9152559,1.01339277,1.00107866,1.01448588,0.92851418,0.92796992,0.92858891,0.92797199,0.92859099
mis,220.0,1.00041475,0.92893498,1.00251098,0.93165375,0.92893761,0.98852794,0.91828078,1.01414576,1.00107866,1.01523968,0.93227508,0.93172219,0.93234356,0.93172392,0.9323453
mis,230.0,1.00041475,0.93191705,1.00302888,0.9351274,0.93191958,0.98837864,0.9210894,1.01482295,1.00107866,1.0159176,0.93575093,0.93519034,0.93581391,0.93519179,0.93581537
mis,240.0,1.00041475,0.93465903,1.00353022,0.9383476,0.93466145,0.98828518,0.92371207,1.01542621,1.00107866,1.01652151,0.93897318,0.93840568,0.9390313,0.93840692,0.93903254
mis,250.0,1.00041475,0.93718877,1.00401412,0.94134102,0.93719111,0.98824421,0.92617369,1.01595796,1.00107866,1.01705384,0.9419685,0.94139478,0.9420223,0.94139583,0.94202335
mis,260.0,1.00041475,0.93953,1.00447991,0.94413042,0.93953225,0.98825217,0.92849479,1.0164211,1.00107866,1.01751748,0.94475967,0.94418033,0.94480961,0.94418123,0.94481051
mis,270.0,1.00041475,0.94170301,1.00492714,0.94673541,0.94170519,0.98830539,0.93069231,1.0168189,1.00107866,1.0179157,0.94736631,0.94678186,0.94741279,0.94678264,0.94741357
mis,280.0,1.00041475,0.94372532,1.00535555,0.94917299,0.94372741,0.98840009,0.93278026,1.01715491,1.00107866,1.01825207,0.94980543,0.94921632,0.94984879,0.949217,0.94984947
mis,290.0,1.00041475,0.94561205,1.00576503,0.95145799,0.94561408,0.98853249,0.93477024,1.0174329,1.00107866,1.01853037,0.95209188,0.95149851,0.95213243,0.9514991,0.95213302
mis,300.0,1.00041475,0.94737641,1.00615563,0.95360345,0.94737837,0.98869886,0.93667192,1.01765675,1.00107866,1.01875446,0.95423869,0.95364143,0.95427669,0.95364194,0.95427721
mis,310.0,1.00041475,0.94902991,1.0065275,0.95562088,0.94903182,0.98889554,0.93849333,1.01783039,1.00107866,1.01892828,0.9562574,0.95565655,0.95629308,0.955657,0.95629354
mis,320.0,1.00041475,0.9505827,1.00688089,0.95752052,0.95058455,0.989119,0.94024124,1.0179577,1.00107866,1.01905573,0.95815823,0.95755407,0.9581918,0.95755447,0.9581922
mis,330.0,1.00041475,0.95204369,1.00721614,0.95931148,0.95204548,0.98936589,0.94192133,1.01804253,1.00107866,1.01914066,0.95995032,0.95934311,0.95998197,0.95934346,0.95998232
mis,340.0,1.00041475,0.95342079,1.00753368,0.96100196,0.95342253,0.98963301,0.94353841,1.01808859,1.00107866,1.01918676,0.96164186,0.96103182,0.96167174,0.96103214,0.96167206
mis,350.0,1.00041475,0.95472102,1.00783395,0.96259933,0.95472272,0.98991739,0.94509662,1.01809945,1.00107866,1.01919763,0.96324024,0.96262757,0.96326849,0.96262785,0.96326877
mis,360.0,1.00041475,0.95595065,1.00811749,0.96411026,0.9559523,0.99021624,0.9465995,1.0180785,1.00107866,1.01917666,0.96475211,0.964137,0.96477887,0.96413725,0.96477912
mis,370.0,1.00041475,0.95711526,1.00838481,0.96554079,0.95711687,0.99052701,0.94805012,1.01802896,1.00107866,1.01912707,0.96618353,0.96556615,0.96620891,0.96556638,0.96620914
mis,380.0,1.00041475,0.95821989,1.00863651,0.96689642,0.95822146,0.99084734,0.94945118,1.01795385,1.00107866,1.01905188,0.96754001,0.96692051,0.96756411,0.96692071,0.96756432
mis,390.0,1.00041475,0.95926905,1.00887315,0.96818217,0.95927059,0.99117507,0.95080509,1.01785599,1.00107866,1.01895391,0.96882657,0.96820508,0.96884949,0.96820526,0.96884967
mis,400.0,1.00041475,0.96026682,1.00909532,0.96940265,0.96026832,0.99150827,0.95211398,1.01773801,1.00107866,1.0188358,0.97004781,0.96942446,0.97006963,0.96942463,0.9700698
mis,410.0,1.00041475,0.96121688,1.00930364,0.97056207,0.96121834,0.99184518,0.95337978,1.01760232,1.00107866,1.01869996,0.97120795,0.97058285,0.97122875,0.970583,0.9712289
mis,420.0,1.00041475,0.96212257,1.00949868,0.9716643,0.962124,0.99218423,0.95460425,1.01745115,1.00107866,1.01854864,0.97231086,0.97168413,0.97233071,0.97168427,0.97233085
mis,430.0,1.00041475,0.96298693,1.00968104,0.97271291,0.96298833,0.992524,0.95578903,1.01728656,1.00107866,1.01838387,0.97336013,0.97273186,0.97337909,0.97273198,0.97337921
mis,440.0,1.00041475,0.96381273,1.00985129,0.97371121,0.96381409,0.99286326,0.95693561,1.01711042,1.00107866,1.01820753,0.97435904,0.97372933,0.97437718,0.97372944,0.97437729
mis,450.0,1.00041475,0.96460249,1.01001,0.97466223,0.96460382,0.99320092,0.9580454,1.01692442,1.00107866,1.01802134,0.97531066,0.97467958,0.97532801,0.97467968,0.97532812
mis,460.0,1.00041475,0.96535851,1.01015773,0.97556881,0.96535982,0.993536,0.95911973,1.01673013,1.00107866,1.01782683,0.9762178,0.97558543,0.97623443,0.97558552,0.97623452
mis,470.0,1.00041475,0.96608292,1.01029501,0.97643356,0.9660842,0.99386768,0.96015986,1.01652893,1.00107866,1.01762542,0.97708308,0.97644949,0.97709903,0.97644958,0.97709911
mis,480.0,1.00041475,0.96677765,1.01042236,0.97725891,0.96677891,0.99419523,0.96116698,1.0163221,1.00107866,1.01741837,0.97790894,0.9772742,0.97792424,0.97727428,0.97792432
mis,490.0,1.00041475,0.9674445,1.01054028,0.97804712,0.96744573,0.99451804,0.96214223,1.01611078,1.00107866,1.01720681,0.97869763,0.9780618,0.97871233,0.97806188,0.97871241
mis,500.0,1.00041475,0.96808511,1.01064926,0.97880029,0.96808631,0.99483558,0.9630867,1.01589598,1.00107866,1.01699179,0.97945127,0.97881441,0.9794654,0.97881448,0.97946547
mis,510.0,1.00041475,0.96870099,1.01074976,0.97952038,0.96870217,0.9951474,0.96400145,1.01567863,1.00107866,1.0167742,0.98017181,0.97953397,0.9801854,0.97953403,0.98018546
mis,520.0,1.00041475,0.96929356,1.01084223,0.98020923,0.96929472,0.99545316,0.96488749,1.01545954,1.00107866,1.01655487,0.98086108,0.98022231,0.98087416,0.98022237,0.98087422
mis,530.0,1.00041475,0.9698641,1.01092708,0.98086854,0.96986524,0.99575255,0.96574579,1.01523943,1.00107866,1.01633453,0.98152079,0.98088113,0.9815334,0.98088119,0.98153345
mis,540.0,1.00041475,0.97041384,1.01100474,0.9814999,0.97041496,0.99604533,0.96657729,1.01501896,1.00107866,1.01611382,0.98215254,0.98151204,0.98216469,0.9815121,0.98216474
mis,550.0,1.00041475,0.97094387,1.01107559,0.98210481,0.97094497,0.99633134,0.9673829,1.01479869,1.00107866,1.01589331,0.98275782,0.98211653,0.98276954,0.98211657,0.98276959
mis,560.0,1.00041475,0.97145526,1.01114,0.98268467,0.97145634,0.99661043,0.96816351,1.01457912,1.00107866,1.01567351,0.98333803,0.98269598,0.98334935,0.98269602,0.98334939
mis,570.0,1.00041475,0.97194895,1.01119832,0.98324078,0.97195001,0.99688251,0.96891997,1.0143607,1.00107866,1.01545485,0.98389449,0.9832517,0.98390541,0.98325174,0.98390546
mis,580.0,1.00041475,0.97242586,1.0112509,0.98377437,0.9724269,0.99714754,0.96965309,1.01414381,1.00107866,1.01523773,0.98442841,0.98378493,0.98443897,0.98378497,0.98443901
mis,590.0,1.00041475,0.97288682,1.01129804,0.9842866,0.97288785,0.99740549,0.97036368,1.01392879,1.00107866,1.01502248,0.98494095,0.98429681,0.98495116,0.98429684,0.9849512
mis,600.0,1.00041475,0.97333263,1.01134006,0.98477854,0.97333364,0.99765637,0.97105251,1.01371592,1.00107866,1.01480938,0.98543319,0.98478842,0.98544307,0.98478845,0.98544311
mis,610.0,1.00041475,0.97376401,1.01137724,0.98525122,0.97376501,0.99790022,0.97172031,1.01350546,1.00107866,1.01459869,0.98590615,0.98526078,0.98591572,0.98526081,0.98591575
mis,620.0,1.00041475,0.97418166,1.01140985,0.98570558,0.97418264,0.99813708,0.97236782,1.01329762,1.00107866,1.01439062,0.98636079,0.98571484,0.98637006,0.98571487,0.98637009
mis,630.0,1.00041475,0.97458623,1.01143816,0.98614253,0.97458719,0.99836704,0.97299572,1.01309257,1.00107866,1.01418535,0.98679801,0.9861515,0.98680699,0.98615153,0.98680701
mis,640.0,1.00041475,0.97497831,1.01146241,0.98656291,0.97497925,0.99859017,0.9736047,1.01289047,1.00107866,1.01398303,0.98721864,0.98657161,0.98722735,0.98657164,0.98722737
mis,650.0,1.00041475,0.97535847,1.01148283,0.98696752,0.97535941,0.99880659,0.9741954,1.01269144,1.00107866,1.01378379,0.9876235,0.98697596,0.98763194,0.98697598,0.98763197
mis,660.0,1.00041475,0.97572726,1.01149965,0.98735711,0.97572818,0.9990164,0.97476845,1.01249558,1.00107866,1.01358772,0.98801333,0.9873653,0.98802152,0.98736532,0.98802154
mis,670.0,1.00041475,0.97608517,1.01151306,0.9877324,0.97608608,0.99921972,0.97532446,1.01230297,1.00107866,1.0133949,0.98838884,0.98774034,0.98839679,0.98774036,0.98839681
mis,680.0,1.00041475,0.97643268,1.01152328,0.98809403,0.97643358,0.99941669,0.97586402,1.01211368,1.00107866,1.0132054,0.98875069,0.98810175,0.98875842,0.98810177,0.98875844
mis,690.0,1.00041475,0.97677024,1.01153048,0.98844266,0.97677112,0.99960744,0.97638768,1.01192774,1.00107866,1.01301927,0.98909953,0.98845016,0.98910704,0.98845018,0.98910706
mis,700.0,1.00041475,0.97709826,1.01153485,0.98877887,0.97709913,0.99979211,0.976896,1.01174519,1.00107866,1.01283652,0.98943595,0.98878616,0.98944324,0.98878618,0.98944326
mis,710.0,1.00041475,0.97741715,1.01153655,0.98910323,0.97741801,0.99997084,0.97738951,1.01156605,1.00107866,1.01265718,0.98976051,0.98911032,0.9897676,0.98911034,0.98976762
mis,720.0,1.00041475,0.97772729,1.01153573,0.98941628,0.97772813,1.00014377,0.9778687,1.01139032,1.00107866,1.01248126,0.99007374,0.98942317,0.99008064,0.98942319,0.99008065
mis,730.0,1.00041475,0.97802901,1.01153256,0.9897185,0.97802985,1.00031106,0.97833408,1.01121799,1.00107866,1.01230875,0.99037615,0.98972521,0.99038286,0.98972523,0.99038288
mis,740.0,1.00041475,0.97832268,1.01152716,0.9900104,0.9783235,1.00047285,0.9787861,1.01104906,1.00107866,1.01213964,0.99066822,0.99001693,0.99067475,0.99001694,0.99067477
mis,750.0,1.00041475,0.9786086,1.01151967,0.9902924,0.97860941,1.00062929,0.97922524,1.01088351,1.00107866,1.01197391,0.99095039,0.99029876,0.99095676,0.99029878,0.99095677
mis,760.0,1.00041475,0.97888707,1.01151023,0.99056495,0.97888787,1.00078053,0.97965192,1.0107213,1.00107866,1.01181153,0.99122311,0.99057115,0.99122931,0.99057116,0.99122932
mis,770.0,1.00041475,0.97915838,1.01149894,0.99082845,0.97915918,1.00092671,0.98006657,1.01056241,1.00107866,1.01165247,0.99148676,0.99083449,0.99149281,0.9908345,0.99149282
mis,780.0,1.00041475,0.97942282,1.01148593,0.99108328,0.9794236,1.00106797,0.9804696,1.0104068,1.00107866,1.01149669,0.99174175,0.99108917,0.99174764,0.99108918,0.99174765
mis,790.0,1.00041475,0.97968062,1.01147129,0.99132981,0.9796814,1.00120447,0.98086139,1.01025443,1.00107866,1.01134415,0.99198843,0.99133555,0.99199417,0.99133556,0.99199418
mis,800.0,1.00041475,0.97993205,1.01145514,0.99156839,0.97993281,1.00133633,0.98124233,1.01010525,1.00107866,1.01119481,0.99222715,0.99157399,0.99223275,0.991574,0.99223276
mis,810.0,1.00041475,0.98017733,1.01143755,0.99179934,0.98017808,1.00146371,0.98161278,1.00995921,1.00107866,1.01104862,0.99245824,0.9918048,0.99246371,0.99180481,0.99246372
mis,820.0,1.00041475,0.98041669,1.01141864,0.99202298,0.98041743,1.00158673,0.98197309,1.00981627,1.00107866,1.01090552,0.99268201,0.99202831,0.99268735,0.99202832,0.99268736
mis,830.0,1.00041475,0.98065033,1.01139847,0.99223961,0.98065107,1.00170553,0.98232359,1.00967637,1.00107866,1.01076547,0.99289877,0.99224481,0.99290398,0.99224482,0.99290399
mis,840.0,1.00041475,0.98087847,1.01137713,0.9924495,0.9808792,1.00182023,0.98266462,1.00953946,1.00107866,1.01062841,0.99310879,0.99245458,0.99311388,0.99245459,0.99311389
mis,850.0,1.00041475,0.98110129,1.0113547,0.99265293,0.98110201,1.00193098,0.98299649,1.00940549,1.00107866,1.01049429,0.99331235,0.9926579,0.99331731,0.99265791,0.99331732
mis,860.0,1.00041475,0.98131898,1.01133125,0.99285016,0.98131969,1.00203788,0.9833195,1.00927439,1.00107866,1.01036305,0.99350969,0.99285501,0.99351454,0.99285502,0.99351455
mis,870.0,1.00041475,0.98153171,1.01130684,0.99304142,0.98153241,1.00214106,0.98363393,1.00914611,1.00107866,1.01023464,0.99370107,0.99304616,0.99370581,0.99304617,0.99370582
mis,880.0,1.00041475,0.98173964,1.01128154,0.99322695,0.98174034,1.00224065,0.98394007,1.0090206,1.00107866,1.01010899,0.99388671,0.99323159,0.99389135,0.9932316,0.99389136
mis,890.0,1.00041475,0.98194295,1.01125542,0.99340697,0.98194364,1.00233675,0.98423819,1.00889779,1.00107866,1.00998605,0.99406684,0.99341151,0.99407138,0.99341152,0.99407138
mis,900.0,1.00041475,0.98214178,1.01122852,0.9935817,0.98214246,1.00242947,0.98452855,1.00877763,1.00107866,1.00986576,0.99424167,0.99358613,0.99424611,0.99358614,0.99424611
mis,910.0,1.00041475,0.98233629,1.0112009,0.99375133,0.98233696,1.00251893,0.9848114,1.00866006,1.00107866,1.00974806,0.9944114,0.99375567,0.99441574,0.99375567,0.99441575
mis,920.0,1.00041475,0.98252659,1.01117262,0.99391605,0.98252726,1.00260523,0.98508697,1.00854503,1.00107866,1.0096329,0.99457622,0.99392029,0.99458047,0.9939203,0.99458047
mis,930.0,1.00041475,0.98271285,1.01114372,0.99407605,0.98271351,1.00268848,0.98535551,1.00843247,1.00107866,1.00952023,0.99473632,0.9940802,0.99474047,0.99408021,0.99474048
mis,940.0,1.00041475,0.98289517,1.01111425,0.9942315,0.98289582,1.00276876,0.98561723,1.00832234,1.00107866,1.00940998,0.99489186,0.99423557,0.99489593,0.99423558,0.99489594
mis,950.0,1.00041475,0.98307369,1.01108425,0.99438258,0.98307433,1.00284618,0.98587234,1.00821458,1.00107866,1.0093021,0.99504303,0.99438656,0.99504701,0.99438657,0.99504702
mis,960.0,1.00041475,0.98324852,1.01105377,0.99452943,0.98324916,1.00292084,0.98612107,1.00810913,1.00107866,1.00919654,0.99518997,0.99453333,0.99519387,0.99453334,0.99519388
mis,970.0,1.00041475,0.98341978,1.01102283,0.99467221,0.98342041,1.00299281,0.9863636,1.00800594,1.00107866,1.00909323,0.99533284,0.99467604,0.99533666,0.99467604,0.99533667
mis,980.0,1.00041475,0.98358757,1.01099148,0.99481108,0.98358819,1.0030622,0.98660014,1.00790495,1.00107866,1.00899214,0.99547178,0.99481482,0.99547553,0.99481483,0.99547554
mis,990.0,1.00041475,0.98375199,1.01095975,0.99494616,0.98375261,1.00312908,0.98683085,1.00780613,1.00107866,1.00889321,0.99560694,0.99494983,0.99561062,0.99494983,0.99561062
mis,1000.0,1.00041475,0.98391316,1.01092768,0.99507759,0.98391377,1.00319354,0.98705594,1.0077094,1.00107866,1.00879638,0.99573845,0.99508119,0.99574205,0.99508119,0.99574206
