Isotopologue,Temperature,Uncorrected (TH) KIE,Uncorrected (BM) KIE,Wigner (TH) KIE,Wigner (BM) KIE,Bell (TH) KIE,Bell (BM) KIE,Enthalpy,Entropy,H_ZPE,H_VIB,S_VIB,S_ROT,Approx. MMI,EXC,ZPE
para,10.0,0.00309499,0.00309426,0.00327343,0.00327266,0.00231999,0.00231944,0.00307935,1.00507849,0.00307935,0.99999918,1.00000088,1.00507761,1.00506474,1.00000006,0.00307867
para,20.0,0.05577595,0.05576904,0.05816394,0.05815674,0.04041859,0.04041358,0.05547779,1.0053744,0.05549192,0.99974526,1.00029529,1.00507761,1.00506474,1.00004047,0.05548576
para,30.0,0.14627029,0.14625759,0.15065271,0.15063963,0.16097104,0.16095706,0.14530448,1.00664685,0.14548555,0.99875539,1.00156131,1.00507761,1.00506474,1.00031471,0.14547478
para,40.0,0.23695641,0.2369402,0.24195504,0.24193849,0.24658486,0.24656799,0.23504918,1.00811417,0.23556724,0.9978008,1.00302122,1.00507761,1.00506474,1.00081529,0.23555416
para,50.0,0.31657824,0.3165601,0.32141594,0.32139751,0.32395966,0.32394109,0.31374407,1.00903339,0.31455161,0.99743272,1.00393579,1.00507761,1.00506474,1.00135832,0.31453764
para,60.0,0.38406042,0.38404125,0.38845051,0.38843113,0.38996418,0.38994472,0.38050347,1.00934801,0.38142568,0.99758221,1.00424883,1.00507761,1.00506474,1.00182067,0.38141156
para,70.0,0.44090656,0.4408869,0.44479001,0.44477017,0.44574239,0.44572251,0.43687265,1.00923362,0.43773222,0.99803632,1.00413501,1.00507761,1.00506474,1.00216314,0.43771833
para,80.0,0.48898158,0.48896171,0.49238688,0.49236688,0.49301346,0.49299344,0.48470018,1.00883309,0.4853527,0.99865558,1.0037365,1.00507761,1.00506474,1.00238701,0.48533922
para,90.0,0.52993922,0.52991935,0.53292208,0.53290209,0.53334992,0.53332991,0.52561681,1.00822351,0.52594454,0.99937686,1.00313001,1.00507761,1.00506474,1.00250489,0.52593156
para,100.0,0.56512298,0.5651032,0.56774249,0.56772261,0.56804394,0.56802405,0.56094434,1.0074493,0.56084901,1.00016997,1.00235971,1.00507761,1.00506474,1.00253009,0.56083655
para,110.0,0.59559514,0.59557551,0.59790526,0.59788556,0.59812345,0.59810374,0.59171936,1.00655002,0.59112339,1.00100821,1.00146497,1.00507761,1.00506474,1.0024747,0.59111145
para,120.0,0.62219145,0.62217202,0.62423874,0.62421923,0.62440037,0.62438086,0.61874429,1.00557122,0.6175967,1.00185816,1.00049112,1.00507761,1.00506474,1.00235026,0.61758527
para,130.0,0.64557231,0.64555308,0.64739591,0.64737663,0.64751809,0.6474988,0.64263936,1.00456392,0.64092112,1.00268089,0.9994889,1.00507761,1.00506474,1.00216852,0.64091017
para,140.0,0.66626373,0.66624472,0.66789626,0.6678772,0.66799027,0.66797121,0.66388737,1.00357946,0.66161334,1.00343709,0.99850942,1.00507761,1.00506474,1.00194152,0.66160285
para,150.0,0.68468861,0.68466982,0.68615717,0.68613834,0.68623065,0.68621181,0.68286933,1.00266417,0.68008621,1.0040923,0.99759875,1.00507761,1.00506474,1.00168139,0.68007615
para,160.0,0.70119009,0.7011715,0.70251721,0.70249859,0.70257545,0.70255682,0.69989138,1.00185559,0.69667259,1.00462023,0.99679426,1.00507761,1.00506474,1.00139985,0.69666292
para,170.0,0.71604892,0.71603053,0.7172534,0.71723499,0.71730014,0.71728172,0.71520438,1.00118084,0.71164324,1.0050041,0.99612291,1.00507761,1.00506474,1.00110781,0.71163394
para,180.0,0.72949659,0.72947839,0.7305942,0.73057598,0.73063213,0.73061391,0.72901794,1.00065657,0.72522034,1.00523648,0.99560129,1.00507761,1.00506474,1.00081493,0.72521139
para,190.0,0.74172527,0.74170725,0.74272927,0.74271123,0.74276038,0.74274234,0.74151013,1.00029013,0.73758769,1.00531793,0.99523671,1.00507761,1.00506474,1.00052951,0.73757907
para,200.0,0.75289544,0.75287759,0.75381707,0.75379919,0.75384281,0.75382494,0.75283428,1.00008125,0.74889853,1.00525538,0.99502888,1.00507761,1.00506474,1.00025834,0.74889021
para,210.0,0.76314186,0.76312417,0.76399066,0.76397295,0.76401215,0.76399443,0.76312365,1.00002387,0.75928153,1.0050602,0.99497179,1.00507761,1.00506474,1.00000674,0.7592735
para,220.0,0.77257826,0.77256071,0.7733624,0.77334483,0.77338047,0.7733629,0.77249487,1.00010794,0.76884549,1.00474658,0.99505544,1.00507761,1.00506474,0.99977873,0.76883773
para,230.0,0.78130105,0.78128363,0.78202755,0.78201011,0.78204286,0.78202542,0.78105038,1.00032094,0.77768297,1.00433005,0.99526736,1.00507761,1.00506474,0.99957709,0.77767546
para,240.0,0.78939237,0.78937507,0.79006728,0.79004997,0.79008034,0.79006303,0.78888029,1.00064912,0.78587321,1.00382642,0.99559389,1.00507761,1.00506474,0.9994036,0.78586593
para,250.0,0.79692248,0.79690529,0.79755106,0.79753386,0.79756226,0.79754506,0.79606395,1.00107847,0.79348438,1.00325094,0.99602106,1.00507761,1.00506474,0.99925919,0.79347733
para,260.0,0.80395174,0.80393466,0.80453856,0.80452146,0.80454822,0.80453113,0.80267119,1.00159536,0.80057549,1.00261774,0.99653534,1.00507761,1.00506474,0.99914411,0.80056865
para,270.0,0.81053223,0.81051524,0.81108129,0.81106429,0.81108966,0.81107267,0.80876342,1.00218705,0.80719783,1.00193954,0.99712405,1.00507761,1.00506474,0.99905808,0.80719119
para,280.0,0.81670907,0.81669218,0.81722388,0.81720697,0.81723118,0.81721427,0.81439459,1.00284197,0.81339618,1.00122746,0.99777565,1.00507761,1.00506474,0.99900043,0.81338973
para,290.0,0.82252153,0.82250472,0.82300518,0.82298835,0.82301157,0.82299474,0.81961207,1.0035498,0.81920984,1.000491,0.99847991,1.00507761,1.00506474,0.99897019,0.81920356
para,300.0,0.8280039,0.82798716,0.82845912,0.82844237,0.82846474,0.82844799,0.82445743,1.00430158,0.8246734,0.99973812,0.99922789,1.00507761,1.00506474,0.9989662,0.82466729
para,310.0,0.83318627,0.8331696,0.83361549,0.83359881,0.83362045,0.83360377,0.82896714,1.00508962,0.82981746,0.9989753,1.00001195,1.00507761,1.00506474,0.99898719,0.82981151
para,320.0,0.83809512,0.83807852,0.83850051,0.8384839,0.83850491,0.8384883,0.8331732,1.00590744,0.83466915,0.99820774,1.00082564,1.00507761,1.00506474,0.99903183,0.83466336
para,330.0,0.8427539,0.84273736,0.84313738,0.84312083,0.84314129,0.84312474,0.83710374,1.00674966,0.83925264,0.99743951,1.0016636,1.00507761,1.00506474,0.99909876,0.83924699
para,340.0,0.84718339,0.8471669,0.84754669,0.8475302,0.84755018,0.84753368,0.84078348,1.00761185,0.8435895,0.99667371,1.00252143,1.00507761,1.00506474,0.99918663,0.84358399
para,350.0,0.85140211,0.85138567,0.85174678,0.85173034,0.8517499,0.85173346,0.84423423,1.0084904,0.84769906,0.99591266,1.00339555,1.00507761,1.00506474,0.99929417,0.84769368
para,360.0,0.8554266,0.85541022,0.85575404,0.85573765,0.85575685,0.85574045,0.84747525,1.0093824,0.8515987,0.995158,1.00428304,1.00507761,1.00506474,0.99942012,0.85159344
para,370.0,0.85927172,0.85925538,0.85958319,0.85956684,0.85958572,0.85956937,0.85052364,1.01028552,0.85530405,0.99441087,1.00518161,1.00507761,1.00506474,0.9995633,0.85529892
para,380.0,0.86295082,0.86293451,0.86324746,0.86323115,0.86324974,0.86323343,0.8533946,1.01119789,0.85882926,0.99367202,1.00608936,1.00507761,1.00506474,0.9997226,0.85882424
para,390.0,0.86647593,0.86645967,0.86675879,0.86674252,0.86676085,0.86674458,0.85610172,1.01211797,0.86218711,0.99294191,1.00700479,1.00507761,1.00506474,0.99989699,0.8621822
para,400.0,0.86985797,0.86984175,0.87012798,0.87011174,0.87012985,0.87011361,0.8586572,1.01304453,0.86538924,0.9922208,1.00792667,1.00507761,1.00506474,1.0000855,0.86538443
para,410.0,0.87310682,0.87309063,0.87336483,0.87334863,0.87336654,0.87335034,0.86107204,1.01397651,0.86844619,0.99150879,1.00885395,1.00507761,1.00506474,1.00028723,0.86844149
para,420.0,0.87623147,0.8762153,0.87647827,0.8764621,0.87647982,0.87646365,0.86335622,1.01491302,0.87136762,0.99080595,1.00978572,1.00507761,1.00506474,1.00050134,0.87136301
para,430.0,0.8792401,0.87922397,0.87947642,0.87946028,0.87947783,0.87946169,0.86551883,1.01585323,0.87416232,0.99011226,1.01072118,1.00507761,1.00506474,1.00072706,0.87415781
para,440.0,0.8821402,0.8821241,0.88236668,0.88235057,0.88236798,0.88235187,0.86756819,1.01679638,0.87683835,0.98942775,1.01165957,1.00507761,1.00506474,1.00096365,0.87683392
para,450.0,0.88493861,0.88492253,0.88515586,0.88513978,0.88515705,0.88514097,0.86951196,1.01774174,0.8794031,0.98875244,1.01260015,1.00507761,1.00506474,1.00121044,0.87939876
para,460.0,0.8876416,0.88762554,0.88785017,0.88783411,0.88785127,0.8878352,0.87135719,1.01868855,0.88186335,0.98808641,1.01354218,1.00507761,1.00506474,1.00146679,0.88185909
para,470.0,0.89025491,0.89023887,0.89045533,0.89043928,0.89045633,0.89044029,0.87311045,1.01963607,0.88422537,0.98742977,1.01448491,1.00507761,1.00506474,1.00173212,0.88422119
para,480.0,0.89278384,0.89276782,0.89297657,0.89296054,0.89297749,0.89296147,0.87477784,1.02058352,0.8864949,0.98678271,1.01542757,1.00507761,1.00506474,1.00200586,0.8864908
para,490.0,0.89523325,0.89521726,0.89541872,0.89540272,0.89541958,0.89540358,0.87636504,1.02153008,0.88867727,0.98614544,1.01636936,1.00507761,1.00506474,1.00228747,0.88867324
para,500.0,0.89760764,0.89759165,0.89778626,0.89777027,0.89778705,0.89777106,0.87787739,1.02247494,0.8907774,0.98551826,1.01730944,1.00507761,1.00506474,1.00257646,0.89077345
para,510.0,0.89991112,0.89989515,0.90008326,0.90006729,0.900084,0.90006803,0.87931989,1.02341722,0.89279985,0.98490147,1.01824696,1.00507761,1.00506474,1.00287235,0.89279596
para,520.0,0.90214753,0.90213158,0.90231355,0.90229759,0.90231423,0.90229827,0.88069723,1.02435605,0.89474884,0.98429546,1.01918104,1.00507761,1.00506474,1.00317467,0.89474502
para,530.0,0.90432039,0.90430445,0.90448061,0.90446467,0.90448124,0.9044653,0.88201382,1.02529051,0.89662831,0.98370062,1.02011078,1.00507761,1.00506474,1.00348297,0.89662455
para,540.0,0.90643299,0.90641706,0.9065877,0.90657177,0.90658829,0.90657236,0.88327383,1.02621969,0.89844189,0.98311737,1.02103527,1.00507761,1.00506474,1.00379685,0.89843819
para,550.0,0.90848834,0.90847242,0.90863782,0.90862191,0.90863837,0.90862245,0.88448116,1.02714266,0.90019299,0.98254615,1.02195358,1.00507761,1.00506474,1.00411588,0.90018936
para,560.0,0.91048925,0.91047334,0.91063377,0.91061787,0.91063429,0.91061838,0.88563951,1.02805852,0.90188479,0.98198741,1.02286481,1.00507761,1.00506474,1.00443967,0.90188122
para,570.0,0.91243833,0.91242243,0.91257814,0.91256224,0.91257862,0.91256272,0.88675236,1.02896634,0.90352024,0.98144161,1.02376804,1.00507761,1.00506474,1.00476783,0.90351672
para,580.0,0.914338,0.91432211,0.91447332,0.91445744,0.91447377,0.91445788,0.88782297,1.02986522,0.90510211,0.98090917,1.02466239,1.00507761,1.00506474,1.00509999,0.90509865
para,590.0,0.91619051,0.91617464,0.91632156,0.91630568,0.91632198,0.9163061,0.88885442,1.0307543,0.90663299,0.98039055,1.02554697,1.00507761,1.00506474,1.0054358,0.90662958
para,600.0,0.91799796,0.91798209,0.91812494,0.91810907,0.91812533,0.91810946,0.8898496,1.03163272,0.9081153,0.97988615,1.02642095,1.00507761,1.00506474,1.00577489,0.90811194
para,610.0,0.9197623,0.91974644,0.91988539,0.91986953,0.91988576,0.91986989,0.89081124,1.03249965,0.90955132,0.97939635,1.02728351,1.00507761,1.00506474,1.00611692,0.909548
para,620.0,0.92148534,0.92146949,0.92160473,0.92158887,0.92160507,0.92158921,0.89174189,1.03335433,0.91094317,0.97892154,1.02813387,1.00507761,1.00506474,1.00646156,0.91093991
para,630.0,0.92316879,0.92315294,0.92328463,0.92326878,0.92328496,0.92326911,0.89264394,1.034196,0.91229287,0.97846204,1.02897129,1.00507761,1.00506474,1.0068085,0.91228965
para,640.0,0.92481423,0.92479839,0.92492668,0.92491084,0.92492699,0.92491115,0.89351962,1.03502397,0.91360229,0.97801815,1.02979507,1.00507761,1.00506474,1.00715741,0.91359912
para,650.0,0.92642314,0.9264073,0.92653236,0.92651652,0.92653264,0.92651681,0.89437104,1.03583759,0.91487322,0.97759013,1.03060458,1.00507761,1.00506474,1.00750799,0.9148701
para,660.0,0.92799691,0.92798108,0.92810303,0.9280872,0.9281033,0.92808747,0.89520014,1.03663625,0.91610733,0.97717823,1.0313992,1.00507761,1.00506474,1.00785995,0.91610425
para,670.0,0.92953684,0.92952102,0.92964,0.92962417,0.92964025,0.92962443,0.89600874,1.03741939,0.91730619,0.97678262,1.03217839,1.00507761,1.00506474,1.00821301,0.91730314
para,680.0,0.93104416,0.93102834,0.93114447,0.93112865,0.93114471,0.93112889,0.89679854,1.03818652,0.91847128,0.97640347,1.03294164,1.00507761,1.00506474,1.00856688,0.91846828
para,690.0,0.93252,0.93250419,0.93261759,0.93260177,0.93261781,0.932602,0.89757112,1.03893717,0.91960402,0.97604088,1.0336885,1.00507761,1.00506474,1.0089213,0.91960106
para,700.0,0.93396545,0.93394965,0.93406042,0.93404461,0.93406063,0.93404483,0.89832793,1.03967095,0.92070574,0.97569494,1.03441857,1.00507761,1.00506474,1.00927601,0.92070282
para,710.0,0.93538152,0.93536572,0.93547397,0.93545817,0.93547418,0.93545838,0.89907032,1.04038749,0.92177769,0.97536568,1.0351315,1.00507761,1.00506474,1.00963078,0.9217748
para,720.0,0.93676916,0.93675337,0.9368592,0.93684341,0.93685939,0.9368436,0.89979954,1.0410865,0.92282105,0.97505312,1.03582698,1.00507761,1.00506474,1.00998534,0.92281821
para,730.0,0.93812928,0.93811349,0.938217,0.93820121,0.93821718,0.93820139,0.90051674,1.04176772,0.92383697,0.97475721,1.03650476,1.00507761,1.00506474,1.01033949,0.92383416
para,740.0,0.93946273,0.93944694,0.93954822,0.93953243,0.93954839,0.93953261,0.90122298,1.04243094,0.9248265,0.9744779,1.03716463,1.00507761,1.00506474,1.010693,0.92482372
para,750.0,0.9407703,0.94075453,0.94085365,0.94083787,0.94085381,0.94083804,0.90191923,1.043076,0.92579066,0.97421509,1.03780642,1.00507761,1.00506474,1.01104567,0.92578792
para,760.0,0.94205278,0.94203701,0.94213406,0.94211829,0.94213421,0.94211844,0.90260638,1.04370277,0.92673041,0.97396866,1.03843003,1.00507761,1.00506474,1.01139728,0.9267277
para,770.0,0.94331087,0.94329511,0.94339016,0.9433744,0.94339031,0.94337454,0.90328524,1.04431117,0.92764667,0.97373846,1.03903536,1.00507761,1.00506474,1.01174765,0.927644
para,780.0,0.94454527,0.94452951,0.94462264,0.94460688,0.94462278,0.94460702,0.90395655,1.04490118,0.92854031,0.97352429,1.03962238,1.00507761,1.00506474,1.0120966,0.92853767
para,790.0,0.94575662,0.94574087,0.94583215,0.9458164,0.94583228,0.94581653,0.90462099,1.04547277,0.92941216,0.97332598,1.04019109,1.00507761,1.00506474,1.01244396,0.92940954
para,800.0,0.94694556,0.94692981,0.9470193,0.94700356,0.94701943,0.94700368,0.90527917,1.046026,0.93026299,0.97314327,1.04074152,1.00507761,1.00506474,1.01278955,0.93026041
para,810.0,0.94811266,0.94809692,0.94818469,0.94816895,0.94818481,0.94816907,0.90593164,1.04656093,0.93109357,0.97297594,1.04127374,1.00507761,1.00506474,1.01313324,0.93109102
para,820.0,0.9492585,0.94924277,0.94932887,0.94931314,0.94932899,0.94931325,0.9065789,1.04707764,0.93190461,0.97282372,1.04178785,1.00507761,1.00506474,1.01347486,0.93190208
para,830.0,0.95038362,0.9503679,0.95045238,0.95043666,0.9504525,0.95043677,0.9072214,1.04757628,0.93269678,0.97268632,1.04228397,1.00507761,1.00506474,1.01381428,0.93269428
para,840.0,0.95148853,0.95147281,0.95155575,0.95154003,0.95155585,0.95154014,0.90785952,1.048057,0.93347074,0.97256345,1.04276226,1.00507761,1.00506474,1.01415138,0.93346827
para,850.0,0.95257372,0.95255802,0.95263945,0.95262374,0.95263955,0.95262384,0.90849364,1.04851997,0.93422711,0.9724548,1.04322289,1.00507761,1.00506474,1.01448602,0.93422467
para,860.0,0.95363968,0.95362398,0.95370396,0.95368825,0.95370405,0.95368835,0.90912406,1.0489654,0.93496648,0.97236005,1.04366607,1.00507761,1.00506474,1.0148181,0.93496407
para,870.0,0.95468685,0.95467116,0.95474973,0.95473404,0.95474982,0.95473413,0.90975106,1.04939351,0.93568942,0.97227887,1.04409202,1.00507761,1.00506474,1.01514751,0.93568703
para,880.0,0.95571568,0.95569999,0.9557772,0.95576152,0.95577729,0.9557616,0.91037488,1.04980453,0.93639647,0.97221093,1.04450097,1.00507761,1.00506474,1.01547415,0.93639411
para,890.0,0.95672658,0.9567109,0.95678679,0.95677111,0.95678687,0.9567712,0.91099574,1.05019874,0.93708815,0.97215587,1.04489318,1.00507761,1.00506474,1.01579793,0.93708581
para,900.0,0.95771995,0.95770429,0.9577789,0.95776323,0.95777898,0.95776331,0.91161382,1.05057639,0.93776495,0.97211334,1.04526893,1.00507761,1.00506474,1.01611876,0.93776263
para,910.0,0.9586962,0.95868054,0.95875392,0.95873826,0.958754,0.95873834,0.91222927,1.05093778,0.93842735,0.972083,1.04562849,1.00507761,1.00506474,1.01643657,0.93842506
para,920.0,0.9596557,0.95964005,0.95971223,0.95969658,0.9597123,0.95969665,0.91284222,1.05128321,0.9390758,0.97206447,1.04597217,1.00507761,1.00506474,1.01675128,0.93907353
para,930.0,0.9605988,0.96058317,0.96065418,0.96063854,0.96065425,0.96063861,0.91345279,1.05161298,0.93971074,0.97205741,1.04630027,1.00507761,1.00506474,1.01706283,0.93970849
para,940.0,0.96152588,0.96151025,0.96158013,0.9615645,0.9615802,0.96156457,0.91406106,1.05192741,0.94033258,0.97206145,1.04661311,1.00507761,1.00506474,1.01737116,0.94033036
para,950.0,0.96243725,0.96242163,0.96249042,0.9624748,0.96249049,0.96247487,0.9146671,1.05222682,0.94094174,0.97207623,1.04691101,1.00507761,1.00506474,1.01767621,0.94093954
para,960.0,0.96333326,0.96331765,0.96338538,0.96336977,0.96338544,0.96336983,0.91527097,1.05251154,0.94153858,0.9721014,1.0471943,1.00507761,1.00506474,1.01797794,0.9415364
para,970.0,0.96421423,0.96419863,0.96426532,0.96424972,0.96426538,0.96424978,0.91587271,1.05278192,0.94212349,0.97213658,1.04746331,1.00507761,1.00506474,1.0182763,0.94212133
para,980.0,0.96508046,0.96506487,0.96513056,0.96511497,0.96513062,0.96511503,0.91647233,1.05303829,0.94269681,0.97218143,1.04771838,1.00507761,1.00506474,1.01857126,0.94269467
para,990.0,0.96593225,0.96591667,0.96598139,0.96596581,0.96598145,0.96596587,0.91706987,1.05328098,0.94325889,0.9722356,1.04795985,1.00507761,1.00506474,1.01886278,0.94325677
para,1000.0,0.96676991,0.96675434,0.96681811,0.96680255,0.96681817,0.9668026,0.91766531,1.05351035,0.94381005,0.97229873,1.04818806,1.00507761,1.00506474,1.01915083,0.94380795
