Isotopologue,Temperature,BM MMI,BM ZPE,BM EXC,BM (total),HS H_ZPE,HS H_VIB,HS H_TOT,HS S_VIB,HS S_ROT,HS S_TOT,HS (total)
dax,10.0,0.98533054,2.38624422,1.00000001,2.35123932,2.38616453,0.99999985,2.38616416,1.00000016,0.98563281,0.98563297,2.35188207
dax,20.0,0.98533054,1.5447473,1.00006226,1.52218145,1.5447215,0.99945244,1.54387567,1.00061018,0.98563281,0.98623422,1.52262303
dax,30.0,0.98533054,1.33630306,1.00111277,1.3181654,1.33628818,0.99379944,1.32800245,1.0073592,0.98563281,0.99288628,1.31855541
dax,40.0,0.98533054,1.24287863,1.00429844,1.22991034,1.24286826,0.98360177,1.22248742,1.02104236,0.98563281,1.00637285,1.23027815
dax,50.0,0.98533054,1.18998909,1.00897468,1.18305569,1.18998114,0.97566966,1.16102849,1.03413652,0.98563281,1.01927889,1.18341183
dax,60.0,0.98533054,1.15598575,1.01386592,1.15482174,1.15597932,0.97269273,1.12441268,1.04233019,0.98563281,1.02735484,1.15517081
dax,70.0,0.98533054,1.13229417,1.01816515,1.13595058,1.13228876,0.97369418,1.10250298,1.04567349,0.98563281,1.0306501,1.13629481
dax,80.0,0.98533054,1.11484467,1.02159241,1.12220955,1.11484001,0.97691591,1.08910495,1.04573312,0.98563281,1.03070887,1.12255013
dax,90.0,0.98533054,1.10145896,1.0241632,1.1115255,1.10145488,0.98100585,1.08053368,1.04399373,0.98563281,1.02899447,1.11186318
dax,100.0,0.98533054,1.09086621,1.0260082,1.10281906,1.09086257,0.98516304,1.07467749,1.0414609,0.98563281,1.02649804,1.10315433
dax,110.0,0.98533054,1.08227523,1.02728054,1.09549076,1.08227194,0.98898875,1.07035477,1.03871857,0.98563281,1.0237951,1.09582397
dax,120.0,0.98533054,1.07516778,1.02811828,1.08918403,1.07516479,0.99232523,1.06691315,1.03607018,0.98563281,1.02118477,1.08951545
dax,130.0,0.98533054,1.06919025,1.02863373,1.08367161,1.06918751,0.99514387,1.06399539,1.03365348,0.98563281,1.01880279,1.08400147
dax,140.0,0.98533054,1.06409312,1.02891371,1.078799,1.06409058,0.99747832,1.06140729,1.03151496,0.98563281,1.01669499,1.07912747
dax,150.0,0.98533054,1.05969526,1.02902351,1.07445501,1.0596929,0.99938773,1.05904409,1.02965396,0.98563281,1.01486073,1.07478225
dax,160.0,0.98533054,1.05586205,1.02901146,1.07055587,1.05585985,1.00093756,1.05684978,1.02804757,0.98563281,1.01327741,1.07088201
dax,170.0,0.98533054,1.05249132,1.02891298,1.0670361,1.05248925,1.00219027,1.05479449,1.02666422,0.98563281,1.01191394,1.06736125
dax,180.0,0.98533054,1.04950415,1.02875389,1.06384313,1.0495022,1.00320134,1.05286202,1.02547088,0.98563281,1.01073774,1.06416738
dax,190.0,0.98533054,1.04683861,1.02855289,1.06093384,1.04683677,1.00401798,1.05104293,1.02443657,0.98563281,1.00971829,1.06125728
dax,200.0,0.98533054,1.04444541,1.02832352,1.05827237,1.04444366,1.00467928,1.04933091,1.02353394,0.98563281,1.00882863,1.05859506
dax,210.0,0.98533054,1.04228485,1.02807555,1.05582854,1.04228319,1.00521701,1.04772079,1.0227397,0.98563281,1.00804581,1.05615055
dax,220.0,0.98533054,1.04032458,1.02781599,1.05357673,1.040323,1.0056566,1.04620769,1.02203452,0.98563281,1.00735076,1.05389812
dax,230.0,0.98533054,1.03853799,1.02754989,1.05149508,1.03853648,1.00601821,1.0447866,1.02140264,0.98563281,1.00672796,1.05181588
dax,240.0,0.98533054,1.03690297,1.02728085,1.0495648,1.03690153,1.00631766,1.04345232,1.02083134,0.98563281,1.00616486,1.04988506
dax,250.0,0.98533054,1.03540104,1.02701145,1.04776968,1.03539965,1.00656734,1.04219947,1.02031047,0.98563281,1.00565148,1.04808944
dax,260.0,0.98533054,1.03401656,1.02674352,1.04609568,1.03401524,1.0067769,1.04102266,1.01983195,0.98563281,1.00517984,1.04641498
dax,270.0,0.98533054,1.0327363,1.02647835,1.04453063,1.03273502,1.00695386,1.03991652,1.01938938,0.98563281,1.00474362,1.04484949
dax,280.0,0.98533054,1.03154889,1.02621684,1.04306386,1.03154766,1.00710408,1.03887587,1.01897766,0.98563281,1.00433781,1.04338231
dax,290.0,0.98533054,1.03044461,1.0259596,1.04168607,1.03044342,1.00723216,1.03789575,1.0185927,0.98563281,1.00395838,1.04200414
dax,300.0,0.98533054,1.02941501,1.02570705,1.04038907,1.02941386,1.0073417,1.03697151,1.01823122,0.98563281,1.0036021,1.04070678
dax,310.0,0.98533054,1.02845277,1.02545946,1.03916566,1.02845166,1.00743559,1.03609881,1.01789054,0.98563281,1.00326632,1.03948304
dax,320.0,0.98533054,1.02755148,1.02521696,1.03800947,1.02755041,1.00751616,1.03527364,1.01756846,0.98563281,1.00294886,1.03832652
dax,330.0,0.98533054,1.02670554,1.02497965,1.03691484,1.0267045,1.00758528,1.03449234,1.01726313,0.98563281,1.00264791,1.03723159
dax,340.0,0.98533054,1.02591,1.02474752,1.03587674,1.02590899,1.00764451,1.03375156,1.01697296,0.98563281,1.00236192,1.0361932
dax,350.0,0.98533054,1.02516048,1.02452056,1.03489068,1.0251595,1.00769515,1.03304825,1.01669662,0.98563281,1.00208955,1.03520686
dax,360.0,0.98533054,1.0244531,1.0242987,1.03395263,1.02445215,1.0077383,1.03237966,1.01643294,0.98563281,1.00182965,1.03426856
dax,370.0,0.98533054,1.02378441,1.02408185,1.033059,1.02378348,1.00777489,1.03174328,1.01618086,0.98563281,1.0015812,1.03337467
dax,380.0,0.98533054,1.02315131,1.02386993,1.03220651,1.02315041,1.00780572,1.03113684,1.01593948,0.98563281,1.00134329,1.03252195
dax,390.0,0.98533054,1.02255105,1.0236628,1.03139224,1.02255017,1.00783149,1.03055826,1.01570798,0.98563281,1.00111512,1.03170745
dax,400.0,0.98533054,1.02198112,1.02346035,1.03061353,1.02198027,1.0078528,1.03000567,1.01548564,0.98563281,1.00089596,1.03092852
dax,410.0,0.98533054,1.02143929,1.02326246,1.02986795,1.02143846,1.00787017,1.02947735,1.01527179,0.98563281,1.00068519,1.03018274
dax,420.0,0.98533054,1.02092353,1.02306899,1.02915331,1.02092271,1.00788405,1.02897172,1.01506585,0.98563281,1.00048221,1.0294679
dax,430.0,0.98533054,1.020432,1.02287982,1.02846761,1.0204312,1.00789483,1.02848733,1.0148673,0.98563281,1.00028651,1.02878201
dax,440.0,0.98533054,1.01996303,1.0226948,1.02780901,1.01996225,1.00790284,1.02802285,1.01467568,0.98563281,1.00009764,1.02812323
dax,450.0,0.98533054,1.0195151,1.02251383,1.02717584,1.01951435,1.00790836,1.02757704,1.01449056,0.98563281,0.99991518,1.02748988
dax,460.0,0.98533054,1.01908684,1.02233677,1.02656657,1.0190861,1.00791164,1.02714874,1.01431159,0.98563281,0.99973878,1.02688043
dax,470.0,0.98533054,1.01867697,1.02216349,1.02597976,1.01867624,1.00791288,1.0267369,1.01413843,0.98563281,0.99956811,1.02629347
dax,480.0,0.98533054,1.01828433,1.02199389,1.02541414,1.01828362,1.00791223,1.02634051,1.01397081,0.98563281,0.9994029,1.02572769
dax,490.0,0.98533054,1.01790786,1.02182784,1.02486849,1.01790716,1.00790984,1.02595865,1.01380847,0.98563281,0.99924289,1.02518189
dax,500.0,0.98533054,1.01754658,1.02166524,1.02434171,1.0175459,1.00790581,1.02559043,1.01365119,0.98563281,0.99908788,1.02465496
dax,510.0,0.98533054,1.01719958,1.02150598,1.02383278,1.01719892,1.00790024,1.02523503,1.01349879,0.98563281,0.99893767,1.02414589
dax,520.0,0.98533054,1.01686605,1.02134996,1.02334075,1.0168654,1.00789317,1.02489169,1.0133511,0.98563281,0.9987921,1.02365372
dax,530.0,0.98533054,1.0165452,1.02119709,1.02286474,1.01654456,1.00788467,1.02455968,1.01320798,0.98563281,0.99865103,1.02317757
dax,540.0,0.98533054,1.01623634,1.02104727,1.02240393,1.01623571,1.00787476,1.02423832,1.01306929,0.98563281,0.99851433,1.02271664
dax,550.0,0.98533054,1.01593879,1.02090042,1.02195758,1.01593818,1.00786346,1.02392697,1.01293494,0.98563281,0.99838191,1.02227016
dax,560.0,0.98533054,1.01565195,1.02075646,1.02152497,1.01565135,1.0078508,1.02362503,1.01280482,0.98563281,0.99825366,1.02183743
dax,570.0,0.98533054,1.01537526,1.0206153,1.02110545,1.01537466,1.00783677,1.02333192,1.01267886,0.98563281,0.99812951,1.02141779
dax,580.0,0.98533054,1.01510818,1.02047687,1.0206984,1.01510759,1.00782138,1.02304713,1.01255697,0.98563281,0.99800938,1.02101063
dax,590.0,0.98533054,1.01485021,1.02034111,1.02030326,1.01484964,1.00780462,1.02277015,1.0124391,0.98563281,0.9978932,1.02061538
dax,600.0,0.98533054,1.01460091,1.02020794,1.01991949,1.01460035,1.00778648,1.02250051,1.01232519,0.98563281,0.99778092,1.0202315
dax,610.0,0.98533054,1.01435984,1.02007731,1.01954659,1.01435929,1.00776697,1.02223778,1.01221517,0.98563281,0.99767248,1.0198585
dax,620.0,0.98533054,1.0141266,1.01994915,1.0191841,1.01412606,1.00774606,1.02198154,1.01210899,0.98563281,0.99756783,1.0194959
dax,630.0,0.98533054,1.01390082,1.01982341,1.01883157,1.01390028,1.00772376,1.02173141,1.0120066,0.98563281,0.99746691,1.01914328
dax,640.0,0.98533054,1.01368214,1.01970002,1.01848859,1.01368161,1.00770007,1.02148703,1.01190796,0.98563281,0.99736969,1.0188002
dax,650.0,0.98533054,1.01347024,1.01957895,1.01815477,1.01346971,1.00767497,1.02124806,1.01181302,0.98563281,0.99727611,1.0184663
dax,660.0,0.98533054,1.01326479,1.01946014,1.01782976,1.01326428,1.00764847,1.0210142,1.01172172,0.98563281,0.99718612,1.01814119
dax,670.0,0.98533054,1.01306552,1.01934354,1.01751321,1.01306502,1.00762057,1.02078515,1.01163402,0.98563281,0.99709968,1.01782455
dax,680.0,0.98533054,1.01287215,1.01922912,1.01720479,1.01287165,1.00759128,1.02056064,1.01154987,0.98563281,0.99701674,1.01751604
dax,690.0,0.98533054,1.01268442,1.01911681,1.01690419,1.01268393,1.0075606,1.02034042,1.01146921,0.98563281,0.99693724,1.01721537
dax,700.0,0.98533054,1.01250209,1.0190066,1.01661114,1.0125016,1.00752854,1.02012426,1.011392,0.98563281,0.99686114,1.01692223
dax,710.0,0.98533054,1.01232492,1.01889842,1.01632536,1.01232444,1.00749513,1.01991194,1.01131817,0.98563281,0.99678838,1.01663637
dax,720.0,0.98533054,1.01215271,1.01879226,1.01604658,1.01215224,1.00746037,1.01970327,1.01124769,0.98563281,0.9967189,1.01635752
dax,730.0,0.98533054,1.01198524,1.01868806,1.01577457,1.01198477,1.00742429,1.01949804,1.01118047,0.98563281,0.99665265,1.01608543
dax,740.0,0.98533054,1.01182232,1.0185858,1.01550909,1.01182186,1.00738692,1.01929611,1.01111648,0.98563281,0.99658957,1.01581987
dax,750.0,0.98533054,1.01166377,1.01848543,1.01524992,1.01166332,1.00734827,1.0190973,1.01105564,0.98563281,0.99652961,1.01556063
dax,760.0,0.98533054,1.01150942,1.01838693,1.01499685,1.01150898,1.00730838,1.01890147,1.01099789,0.98563281,0.99647269,1.01530749
dax,770.0,0.98533054,1.0113591,1.01829026,1.01474968,1.01135867,1.00726728,1.01870849,1.01094317,0.98563281,0.99641876,1.01506025
dax,780.0,0.98533054,1.01121266,1.0181954,1.01450822,1.01121223,1.007225,1.01851824,1.01089142,0.98563281,0.99636775,1.01481873
dax,790.0,0.98533054,1.01106995,1.0181023,1.01427229,1.01106952,1.00718158,1.0183306,1.01084257,0.98563281,0.9963196,1.01458274
dax,800.0,0.98533054,1.01093082,1.01801094,1.01404172,1.0109304,1.00713705,1.01814546,1.01079655,0.98563281,0.99627424,1.0143521
dax,810.0,0.98533054,1.01079514,1.01792129,1.01381634,1.01079473,1.00709146,1.01796274,1.01075329,0.98563281,0.99623161,1.01412666
dax,820.0,0.98533054,1.0106628,1.01783331,1.01359599,1.01066238,1.00704484,1.01778234,1.01071273,0.98563281,0.99619163,1.01390625
dax,830.0,0.98533054,1.01053365,1.01774699,1.01338052,1.01053325,1.00699723,1.01760418,1.01067479,0.98563281,0.99615424,1.01369072
dax,840.0,0.98533054,1.0104076,1.0176623,1.01316979,1.0104072,1.00694868,1.0174282,1.01063941,0.98563281,0.99611937,1.01347993
dax,850.0,0.98533054,1.01028453,1.01757919,1.01296366,1.01028414,1.00689923,1.01725432,1.01060652,0.98563281,0.99608695,1.01327375
dax,860.0,0.98533054,1.01016434,1.01749766,1.01276199,1.01016395,1.00684891,1.01708248,1.01057604,0.98563281,0.99605691,1.01307202
dax,870.0,0.98533054,1.01004692,1.01741767,1.01256466,1.01004654,1.00679779,1.01691262,1.01054791,0.98563281,0.99602918,1.01287464
dax,880.0,0.98533054,1.00993219,1.01733919,1.01237155,1.00993181,1.00674589,1.01674469,1.01052206,0.98563281,0.9960037,1.01268147
dax,890.0,0.98533054,1.00982005,1.0172622,1.01218253,1.00981967,1.00669326,1.01657865,1.01049842,0.98563281,0.99598039,1.0124924
dax,900.0,0.98533054,1.00971041,1.01718668,1.0119975,1.00971003,1.00663994,1.01641445,1.01047691,0.98563281,0.9959592,1.01230732
dax,910.0,0.98533054,1.00960319,1.01711259,1.01181634,1.00960282,1.00658599,1.01625205,1.01045748,0.98563281,0.99594004,1.01212611
dax,920.0,0.98533054,1.00949831,1.01703992,1.01163895,1.00949794,1.00653144,1.01609141,1.01044005,0.98563281,0.99592286,1.01194867
dax,930.0,0.98533054,1.0093957,1.01696864,1.01146522,1.00939534,1.00647633,1.01593251,1.01042455,0.98563281,0.99590759,1.0117749
dax,940.0,0.98533054,1.00929528,1.01689873,1.01129507,1.00929492,1.0064207,1.01577531,1.01041093,0.98563281,0.99589417,1.0116047
dax,950.0,0.98533054,1.00919699,1.01683015,1.01112839,1.00919663,1.00636461,1.01561977,1.01039911,0.98563281,0.99588252,1.01143798
dax,960.0,0.98533054,1.00910075,1.0167629,1.0109651,1.0091004,1.00630808,1.01546589,1.01038904,0.98563281,0.99587259,1.01127464
dax,970.0,0.98533054,1.00900651,1.01669694,1.01080511,1.00900616,1.00625116,1.01531362,1.01038065,0.98563281,0.99586432,1.0111146
dax,980.0,0.98533054,1.0089142,1.01663225,1.01064832,1.00891385,1.00619388,1.01516295,1.01037387,0.98563281,0.99585764,1.01095778
dax,990.0,0.98533054,1.00882376,1.01656882,1.01049467,1.00882342,1.0061363,1.01501386,1.01036866,0.98563281,0.9958525,1.01080409
dax,1000.0,0.98533054,1.00873514,1.01650661,1.01034407,1.0087348,1.00607843,1.01486632,1.01036494,0.98563281,0.99584883,1.01065344
